<?xml version="1.0" encoding="UTF-8"?>
<?xml-stylesheet type="text/xsl" href="tabel.xsl"?>
<firma>
    
   <job nume="Developer">
       
       <junior>
           <nume>Roman</nume>
           <prenume>Cornel</prenume>
           <varsta>24</varsta> 
           <sex>M</sex>
           <mediu>Rural</mediu> 
           <dataang>12.02.2003</dataang>
       </junior>
        <junior>
           <nume>Alin</nume>
           <prenume>Romica</prenume>
           <varsta>36</varsta> 
           <sex>M</sex>
           <mediu>Urban</mediu> 
            <dataang>12.07.2003</dataang>
       </junior>
        <junior>
           <nume>Gheorghescu</nume>
           <prenume>Anane</prenume>
           <varsta>44</varsta> 
           <sex>F</sex>
           <mediu>Urban</mediu> 
            <dataang>15.10.2010</dataang>
       </junior>
        <junior>
           <nume>Felic</nume>
           <prenume>Cornelia</prenume>
           <varsta>25</varsta> 
           <sex>F</sex>
           <mediu>Rural</mediu> 
            <dataang>12.12.2013</dataang>
       </junior>
        <junior>
           <nume>Romaniac</nume>
           <prenume>Florin</prenume>
           <varsta>35</varsta> 
           <sex>M</sex>
           <mediu>Urban</mediu> 
            <dataang>12.11.2017</dataang>
       </junior>
       </job>
         <job nume="Programator">
           <junior>
           <nume>Gheorge</nume>
           <prenume>Alina</prenume>
           <varsta>46</varsta> 
           <sex>F</sex>
           <mediu>Rural</mediu> 
            <dataang>20.01.2017</dataang>
       </junior>
       <junior>
           <nume>Stanciu</nume>
           <prenume>Ovidia</prenume>
           <varsta>46</varsta> 
           <sex>F</sex>
           <mediu>Urban</mediu> 
            <dataang>12.11.2017</dataang>
       </junior>
       <junior>
           <nume>Corola</nume>
           <prenume>Andreea</prenume>
           <varsta>31</varsta> 
           <sex>F</sex>
           <mediu>Rural</mediu> 
            <dataang>30.01.2018</dataang>
       </junior>
       <junior>
           <nume>Corian</nume>
           <prenume>Roxana</prenume>
           <varsta>27</varsta> 
           <sex>F</sex>
           <mediu>Rural</mediu> 
            <dataang>22.08.2006</dataang>
       </junior>
       <junior>
           <nume>Alineea</nume>
           <prenume>Vasile</prenume>
           <varsta>33</varsta> 
           <sex>M</sex>
           <mediu>Rural</mediu> 
            <dataang>20.02.2014</dataang>
       </junior>
         </job>
         <job nume="Web Designer">
             <junior>
           <nume>Andreean</nume>
           <prenume>Alizeea</prenume>
           <varsta>26</varsta> 
           <sex>F</sex>
           <mediu>Rural</mediu> 
            <dataang>22.10.2019</dataang>
       </junior>
           <junior>
           <nume>Cojocaru</nume>
           <prenume>Cornelia</prenume>
           <varsta>20</varsta> 
           <sex>F</sex>
           <mediu>Urban</mediu> 
            <dataang>12.10.2007</dataang>
       </junior>
           <junior>
           <nume>Corian</nume>
           <prenume>Angela</prenume>
           <varsta>22</varsta> 
           <sex>F</sex>
           <mediu>Urban</mediu> 
            <dataang>22.02.2004</dataang>
       </junior>
           <junior>
           <nume>Anerat</nume>
           <prenume>Darius</prenume>
           <varsta>19</varsta> 
           <sex>M</sex>
           <mediu>Rural</mediu> 
            <dataang>22.01.2020</dataang>
       </junior>
           <junior>
           <nume>Ierofim</nume>
           <prenume>Bianca</prenume>
           <varsta>28</varsta> 
           <sex>F</sex>
           <mediu>Rural</mediu> 
            <dataang>06.07.2005</dataang>
       </junior>
         </job>
     
        
  
</firma>
